{
  "model/models.js": 1706752973165,
  "manifest.json": 1706753165839,
  "i18n/i18n.properties": 1706752973165,
  "controller/Homepage.controller.js": 1706752973173,
  "controller/App.controller.js": 1706752973169,
  "Component.js": 1706752973157,
  "Component-preload.js": 1706753165958,
  "controller/App-dbg.controller.js": 1706752973169,
  "controller/Homepage-dbg.controller.js": 1706752973173,
  "model/models-dbg.js": 1706752973165,
  "Component-dbg.js": 1706752973157,
  "view/Homepage.view.xml": 1706752973173,
  "view/App.view.xml": 1706752973173,
  "css/style.css": 1706752973169,
  "index.html": 1706752973161
}