{
  "controller/InvoiceList-dbg.controller.js": 1707203327627,
  "controller/HelloPanel.controller.js": 1707269097836,
  "Invoices.json": 1707203327627,
  "model/models.js": 1706752973165,
  "model/formatter.js": 1707203327631,
  "controller/InvoiceList.controller.js": 1707203327627,
  "controller/Homepage.controller.js": 1707268311573,
  "manifest.json": 1707882198663,
  "controller/Detail.controller.js": 1707269107232,
  "controller/App.controller.js": 1707266908404,
  "control/ProductRating.js": 1707267307162,
  "index.js": 1706835374275,
  "Component.js": 1707268236790,
  "Component-preload.js": 1707882199048,
  "Component-dbg.js": 1707268236790,
  "model/formatter-dbg.js": 1707203327631,
  "i18n/i18n.properties": 1707636941635,
  "controller/Homepage-dbg.controller.js": 1707268311573,
  "controller/HelloPanel-dbg.controller.js": 1707269097836,
  "controller/Detail-dbg.controller.js": 1707269107232,
  "controller/App-dbg.controller.js": 1707266908404,
  "control/ProductRating-dbg.js": 1707267307162,
  "index-dbg.js": 1706835374275,
  "model/models-dbg.js": 1706752973165,
  "view/Overview.view.xml": 1707268431295,
  "view/InvoiceList.view.xml": 1707268506294,
  "view/Homepage.view.xml": 1707184979085,
  "view/HelloPanel.view.xml": 1707268523926,
  "view/HelloDialog.fragment.xml": 1707203327639,
  "view/Detail.view.xml": 1707268023806,
  "view/App.view.xml": 1707203327631,
  "css/style.css": 1707267489603,
  "index.html": 1707266963875
}